{
    "normals":[0.978801,0.029224,0.202716,0.978801,0.029224,0.202716,0.835481,0.0292247,0.548742,0.835498,0.0292247,0.548716,0.54885,0.0292255,0.83541,0.548817,0.0292255,0.835432,0.202727,0.029225,0.978799,0.202736,0.0292249,0.978797,0.202716,0.0292239,-0.978801,0.202716,0.0292239,-0.978801,0.548775,0.0292239,-0.835459,0.548775,0.0292239,-0.835459,0.835459,0.0292239,-0.548775,0.835459,0.0292239,-0.548775,0.978801,0.029224,-0.202716,0.978801,0.029224,-0.202716,-0.978801,0.029224,0.202716,-0.835498,0.0292247,0.548716,-0.835481,0.0292247,0.548742,-0.978801,0.029224,0.202716,-0.54885,0.0292255,0.83541,-0.202736,0.029225,0.978797,-0.202727,0.0292249,0.978799,-0.548817,0.0292255,0.835432,-0.202716,0.0292239,-0.978801,-0.548775,0.0292239,-0.835459,-0.548775,0.0292239,-0.835459,-0.202716,0.0292239,-0.978801,-0.835459,0.0292239,-0.548775,-0.978801,0.029224,-0.202716,-0.978801,0.029224,-0.202716,-0.835459,0.0292239,-0.548775],
    "uvs":[],
    "materials":[{
        "DbgIndex":0,
        "DbgColor":15658734,
        "colorSpecular":[0.5,0.5,0.5],
        "depthWrite":true,
        "specularCoef":50,
        "colorEmissive":[0,0,0],
        "visible":true,
        "depthTest":true,
        "shading":"phong",
        "wireframe":false,
        "DbgName":"Trunk.001",
        "transparent":false,
        "colorDiffuse":[0.161521,0.111614,0.0520472],
        "opacity":1,
        "doubleSided":false,
        "blending":1
    }],
    "vertices":[0.028723,0.506521,0.0118974,0.0118974,0.506727,0.0287172,0.0118974,0.506521,-0.028723,0.028723,0.506521,-0.0118975,-0.028723,0.506521,0.0118974,-0.0118974,0.506727,0.0287172,-0.0118974,0.506521,-0.028723,-0.028723,0.506521,-0.0118975,0,0.506521,-0.031187,0.00597483,1.0265,-0.0144246,0.0144245,1.0265,-0.00597487,0.0144245,1.0265,0.00597478,0.00597483,1.0265,0.0144245,-0.00597483,1.0265,0.0144245,-0.0144245,1.0265,0.00597478,-0.0144245,1.0265,-0.00597487,-0.00597483,1.0265,-0.0144246,0.0220526,0.506521,-0.0220526,0.031187,0.506521,-2.08524e-08,0.0220526,0.506573,0.0220511,0,0.50683,0.0311784,0.0430215,-0.013462,0.0178201,0.0178201,-0.0130503,0.04301,0.0178201,-0.013462,-0.0430215,0.0430215,-0.013462,-0.0178201,-0.00597483,1.0265,-0.0144246,-0.0144245,1.0265,-0.00597487,-0.0144245,1.0265,0.00597478,-0.00597483,1.0265,0.0144245,0.00597483,1.0265,0.0144245,0.0144245,1.0265,0.00597478,0.0144245,1.0265,-0.00597487,0.00597483,1.0265,-0.0144246,-0.0220526,0.506521,-0.0220526,-0.031187,0.506521,-2.08524e-08,-0.0220526,0.506573,0.0220511,-0.0430215,-0.013462,0.0178201,-0.0178201,-0.0130503,0.04301,-0.0178201,-0.013462,-0.0430215,-0.0430215,-0.013462,-0.0178201,0.0110747,1.0265,-0.0110747,0.0156619,1.0265,-4.43159e-08,0.0110747,1.0265,0.0110746,-0.0110747,1.0265,0.0110746,-0.0156619,1.0265,-4.50211e-08,-0.0110747,1.0265,-0.0110747,0.0330305,-0.013462,-0.0330305,0.0467121,-0.013462,2.24082e-09,0.0330305,-0.0133591,0.0330276,0,1.0265,-0.015662,-0.0110747,1.0265,-0.0110747,-0.0156619,1.0265,-4.43159e-08,-0.0110747,1.0265,0.0110746,0,1.0265,0.0156619,0.0110747,1.0265,0.0110746,0.0156619,1.0265,-4.50211e-08,0.0110747,1.0265,-0.0110747,0,-0.013462,-0.0467121,-0.0330305,-0.013462,-0.0330305,-0.0467121,-0.013462,2.24082e-09,-0.0330305,-0.0133591,0.0330276,0,-0.0128444,0.0466949],
    "metadata":{
        "uvs":0,
        "generator":"io_three",
        "normals":32,
        "type":"Geometry",
        "materials":1,
        "vertices":62,
        "version":3,
        "faces":32
    },
    "faces":[35,0,21,47,18,0,0,0,0,0,35,0,18,41,11,0,1,1,1,1,35,0,11,42,19,0,2,2,2,2,35,0,19,48,21,0,3,3,3,3,35,1,22,48,19,0,4,4,4,4,35,1,19,42,12,0,5,5,5,5,35,1,12,53,20,0,6,6,6,6,35,1,20,61,22,0,7,7,7,7,35,2,23,57,8,0,8,8,8,8,35,2,8,49,9,0,9,9,9,9,35,2,9,40,17,0,10,10,10,10,35,2,17,46,23,0,11,11,11,11,35,3,24,46,17,0,12,12,12,12,35,3,17,40,10,0,13,13,13,13,35,3,10,41,18,0,14,14,14,14,35,3,18,47,24,0,15,15,15,15,35,4,34,59,36,0,16,16,16,16,35,4,36,60,35,0,17,17,17,17,35,4,35,52,27,0,18,18,18,18,35,4,27,51,34,0,19,19,19,19,35,5,35,60,37,0,20,20,20,20,35,5,37,61,20,0,21,21,21,21,35,5,20,53,28,0,22,22,22,22,35,5,28,52,35,0,23,23,23,23,35,6,8,57,38,0,24,24,24,24,35,6,38,58,33,0,25,25,25,25,35,6,33,50,25,0,26,26,26,26,35,6,25,49,8,0,27,27,27,27,35,7,33,58,39,0,28,28,28,28,35,7,39,59,34,0,29,29,29,29,35,7,34,51,26,0,30,30,30,30,35,7,26,50,33,0,31,31,31,31]
}