{
    "uvs":[[5.40295,-6.20676,8.77925,-2.8477,8.77925,-1.65068,5.39293,-2.63335,8.51904,0.382189,5.67897,1.25348,6.06864,1.43802,6.30449,-7.77925,8.71066,-6.40847,0.494664,8.66746,0.470664,0.500127,1.11855,0.500277,1.1426,8.38019,-4.80838,7.92822,-4.83253,0.498901,-2.70124,0.499394,-2.67719,8.41043,-5.33501,7.77728,-5.35919,0.498779,-0.081255,8.77925,-0.105232,0.499994,-2.52118,8.43259,-2.54523,0.49943,-6.7584,7.19256,-6.7827,0.498449,2.00383,7.36232,2.0066,0.500483,-7.7569,5.8027,-7.77925,0.498219,-7.25343,6.83304,2.01662,-0.134465,2.0066,-3.70787,5.39293,-4.69054,5.39293,-3.49353,2.29264,-7.59471,5.13271,-6.72342,2.68231,-7.77925,5.32433,0.067245,2.91817,1.43802,0.497958,-7.66719,1.14578,-7.37962,-4.80539,-6.93041,-2.674,-7.41163,-5.33208,-6.77972,-0.077916,-7.77925,-2.51799,-7.43372,-6.7557,-6.19565,2.0066,-6.36136,-7.75476,-4.80625,-7.25087,-5.83636]],
    "metadata":{
        "generator":"io_three",
        "vertices":53,
        "version":3,
        "type":"Geometry",
        "materials":1,
        "uvs":1,
        "faces":52,
        "normals":52
    },
    "faces":[42,5,8,2,0,0,1,2,0,0,0,42,5,2,3,0,0,2,3,1,1,1,42,2,1,4,0,2,4,5,2,2,2,42,2,4,3,0,2,5,3,3,3,3,42,0,4,1,0,6,5,4,4,4,4,42,8,5,6,0,1,0,7,5,5,5,42,8,6,7,0,1,7,8,6,6,6,42,16,46,45,0,9,10,11,7,7,7,42,16,45,50,0,9,11,12,8,8,8,42,12,44,43,0,13,14,15,9,9,9,42,12,43,11,0,13,15,16,10,10,10,42,12,18,48,0,13,17,18,11,11,11,42,12,48,44,0,13,18,14,12,12,12,42,10,42,46,0,19,20,10,13,13,13,42,10,46,16,0,19,10,9,14,14,14,42,19,49,42,0,21,22,20,15,15,15,42,19,42,10,0,21,20,19,16,16,16,42,11,43,49,0,16,15,22,17,17,17,42,11,49,19,0,16,22,21,18,18,18,42,18,17,47,0,17,23,24,19,19,19,42,18,47,48,0,17,24,18,20,20,20,42,9,15,51,0,25,12,11,21,21,21,42,9,51,29,0,25,11,26,22,22,22,42,14,36,47,0,27,28,24,23,23,23,42,47,17,13,0,24,23,29,24,24,24,42,47,13,14,0,24,29,27,25,25,25,42,25,23,22,0,30,31,32,26,26,26,42,25,22,28,0,30,32,33,27,27,27,42,22,23,24,0,32,31,34,28,28,28,42,22,24,21,0,32,34,35,29,29,29,42,20,21,24,0,36,35,34,30,30,30,42,28,27,26,0,33,37,38,31,31,31,42,28,26,25,0,33,38,30,32,32,32,42,38,52,45,0,39,40,11,33,33,33,42,38,45,46,0,39,11,10,34,34,34,42,33,32,43,0,41,42,15,35,35,35,42,33,43,44,0,41,15,14,36,36,36,42,33,44,48,0,41,14,18,37,37,37,42,33,48,40,0,41,18,43,38,38,38,42,31,38,46,0,44,39,10,39,39,39,42,31,46,42,0,44,10,20,40,40,40,42,41,31,42,0,45,44,20,41,41,41,42,41,42,49,0,45,20,22,42,42,42,42,32,41,49,0,42,45,22,43,43,43,42,32,49,43,0,42,22,15,44,44,44,42,40,48,47,0,43,18,24,45,45,45,42,40,47,39,0,43,24,46,46,46,46,42,30,29,51,0,47,26,11,47,47,47,42,30,51,37,0,47,11,40,48,48,48,42,47,36,35,0,24,28,48,49,49,49,42,35,34,39,0,48,49,46,50,50,50,42,35,39,47,0,48,46,24,51,51,51],
    "vertices":[0.707033,0.246558,-1.58832,0.65486,0.35698,-1.65761,0.572264,0.370426,-1.7394,0.546407,0.220729,-1.74421,0.701191,0.229441,-1.59201,0.403011,0.218061,-1.83031,0.336315,0.252743,-1.84347,0.381668,0.362697,-1.8488,0.524243,0.370426,-1.77688,0.265145,0.655049,-1.79239,0.322254,0.568445,-1.82586,0.307418,0.458979,-1.85401,0.288009,0.367645,-1.86495,0.243905,0.260721,-1.85976,0.202396,0.238669,-1.85847,0.306164,0.61936,-1.80686,0.317744,0.59272,-1.81954,0.258386,0.28237,-1.86081,0.281932,0.344615,-1.86383,0.308309,0.465558,-1.85232,-0.72969,0.246558,-1.58832,-0.677516,0.35698,-1.65761,-0.59492,0.370426,-1.7394,-0.569063,0.220729,-1.74421,-0.723847,0.229441,-1.59201,-0.425667,0.218061,-1.83031,-0.358972,0.252743,-1.84347,-0.404325,0.362697,-1.8488,-0.546899,0.370426,-1.77688,-0.0113281,0.658903,-1.82392,-0.287801,0.655049,-1.79239,-0.34491,0.568445,-1.82586,-0.330074,0.458979,-1.85401,-0.310665,0.367645,-1.86495,-0.266562,0.260721,-1.85976,-0.225053,0.238669,-1.85847,-0.0113281,0.238669,-1.86693,-0.32882,0.61936,-1.80686,-0.340401,0.59272,-1.81954,-0.281042,0.28237,-1.86081,-0.304589,0.344615,-1.86383,-0.330965,0.465558,-1.85232,-0.0113281,0.568445,-1.83512,-0.0113281,0.458979,-1.86328,-0.0113281,0.367645,-1.87422,-0.0113281,0.61936,-1.81613,-0.0113281,0.59272,-1.8288,-0.0113281,0.28237,-1.87008,-0.0113281,0.344615,-1.8731,-0.0113281,0.465558,-1.86159,0.306164,0.61936,-1.80686,-0.0113281,0.61936,-1.81613,-0.32882,0.61936,-1.80686],
    "materials":[{
        "doubleSided":false,
        "DbgColor":15658734,
        "visible":true,
        "specularCoef":50,
        "DbgIndex":0,
        "wireframe":false,
        "opacity":1,
        "depthTest":true,
        "blending":1,
        "transparent":false,
        "colorEmissive":[0,0,0],
        "depthWrite":true,
        "shading":"phong",
        "colorSpecular":[0.5,0.5,0.5],
        "colorDiffuse":[0.0282353,0.0282353,0.0282353],
        "DbgName":"grillGrill.p"
    }],
    "normals":[0.601755,-0.208404,-0.771012,0.514645,-0.0614042,-0.855201,0.68906,-0.11747,-0.71512,0.700542,-0.0982834,-0.706811,0.716392,-0.0952233,-0.69117,0.25705,0.13125,-0.957444,0.44842,-0.226915,-0.86454,0.0254236,0.42948,-0.902718,0.0262199,0.438743,-0.89823,0.0307269,0.118866,-0.992435,0.028878,0.11282,-0.993196,0.031536,-0.0567431,-0.997891,0.0309099,-0.0484439,-0.998348,0.0268773,0.251783,-0.96741,0.0272103,0.256512,-0.966158,0.0280696,0.249016,-0.968092,0.0269214,0.2456,-0.968997,0.0281479,0.249037,-0.968085,0.0280959,0.245464,-0.968998,0.0342766,-0.0613716,-0.997526,0.0315498,-0.0484445,-0.998327,0.0267182,0.401886,-0.9153,0.10856,-0.192184,-0.975336,0.0394746,-0.0718517,-0.996634,0.0342539,-0.0712883,-0.996867,0.0303394,-0.11552,-0.992842,-0.514645,-0.0614041,-0.855202,-0.601754,-0.208403,-0.771012,-0.700541,-0.0982832,-0.706811,-0.689059,-0.11747,-0.715121,-0.716395,-0.09522,-0.691167,-0.448419,-0.226916,-0.86454,-0.257046,0.131252,-0.957445,-0.0262199,0.438743,-0.89823,-0.0254236,0.42948,-0.902718,-0.028878,0.11282,-0.993196,-0.0307269,0.118866,-0.992435,-0.0309099,-0.0484439,-0.998348,-0.031536,-0.0567431,-0.997891,-0.0272103,0.256512,-0.966158,-0.0268773,0.251783,-0.96741,-0.0269213,0.2456,-0.968997,-0.0280696,0.249016,-0.968092,-0.0280959,0.245464,-0.968998,-0.0281479,0.249037,-0.968085,-0.0315498,-0.0484445,-0.998328,-0.0342766,-0.0613716,-0.997526,-0.10856,-0.192184,-0.975336,-0.0267182,0.401886,-0.9153,-0.0394746,-0.0718517,-0.996634,0.00848311,-0.0428079,-0.999047,-0.0341786,-0.0972316,-0.994675]
}